/*
SQLyog Professional v13.1.1 (64 bit)
MySQL - 5.7.26 : Database - test_db
*********************************************************************
*/

/*!40101 SET NAMES utf8 */;

/*!40101 SET SQL_MODE=''*/;

/*!40014 SET @OLD_UNIQUE_CHECKS=@@UNIQUE_CHECKS, UNIQUE_CHECKS=0 */;
/*!40014 SET @OLD_FOREIGN_KEY_CHECKS=@@FOREIGN_KEY_CHECKS, FOREIGN_KEY_CHECKS=0 */;
/*!40101 SET @OLD_SQL_MODE=@@SQL_MODE, SQL_MODE='NO_AUTO_VALUE_ON_ZERO' */;
/*!40111 SET @OLD_SQL_NOTES=@@SQL_NOTES, SQL_NOTES=0 */;
CREATE DATABASE /*!32312 IF NOT EXISTS*/`test_db` /*!40100 DEFAULT CHARACTER SET latin1 */;

USE `test_db`;

/*Table structure for table `companies` */

DROP TABLE IF EXISTS `companies`;

CREATE TABLE `companies` (
  `id` int(11) unsigned NOT NULL AUTO_INCREMENT,
  `comp_code` varchar(20) NOT NULL,
  `name` varchar(200) DEFAULT NULL,
  `started_at` date DEFAULT NULL,
  `created_at` datetime DEFAULT NULL,
  `updated_at` datetime DEFAULT NULL,
  `deleted_at` datetime DEFAULT NULL,
  PRIMARY KEY (`id`)
) ENGINE=MyISAM AUTO_INCREMENT=87 DEFAULT CHARSET=latin1;

/*Data for the table `companies` */

insert  into `companies`(`id`,`comp_code`,`name`,`started_at`,`created_at`,`updated_at`,`deleted_at`) values 
(1,'cb09a7','Mayer-Walter','2001-12-10','2021-08-07 11:32:44','2021-08-07 11:32:44',NULL),
(2,'a126f3','Russel, Shields and Hartmann','2020-06-09','2021-08-07 11:32:44','2021-08-07 11:32:44',NULL),
(3,'56272a','Padberg Inc','1983-10-29','2021-08-07 11:32:44','2021-08-07 11:32:44',NULL),
(4,'f74dd5','Shields, Mohr and Fadel','1994-03-12','2021-08-07 11:35:20','2021-08-07 11:35:20',NULL),
(5,'547d9b','Rath, Smitham and Lindgren','2014-08-12','2021-08-07 11:35:20','2021-08-07 11:35:20',NULL),
(6,'a1ce2b','Stanton-Grant','2006-04-06','2021-08-07 11:35:21','2021-08-07 11:35:21',NULL),
(7,'b31c8f','Hermiston, Gleichner and Wilkinson','1976-01-17','2021-08-07 11:35:21','2021-08-07 11:35:21',NULL),
(8,'f5aca9','Glover, Paucek and Schamberger','1973-03-30','2021-08-07 11:35:21','2021-08-07 11:35:21',NULL),
(9,'51f8c0','Witting, Mertz and Wolf','2004-07-03','2021-08-07 11:35:21','2021-08-07 11:35:21',NULL),
(10,'306754','Morissette Group','1988-06-24','2021-08-07 11:35:21','2021-08-07 11:35:21',NULL),
(11,'49ce39','Walsh, Zulauf and Herzog','2020-09-02','2021-08-07 11:35:21','2021-08-07 11:35:21',NULL),
(12,'62a0e3','Welch Ltd','2009-03-25','2021-08-07 11:35:21','2021-08-07 11:35:21',NULL),
(13,'894f78','Rohan-Welch','1990-06-27','2021-08-07 11:35:21','2021-08-07 11:35:21',NULL),
(14,'693a9f','Olson-Davis','1975-12-27','2021-08-07 11:35:21','2021-08-07 11:35:21',NULL),
(15,'e0af58','Cassin, D\'Amore and Reichert','2004-04-21','2021-08-07 11:35:21','2021-08-07 11:35:21',NULL),
(16,'a43c7f','Spencer-Runte','2003-09-04','2021-08-07 11:35:21','2021-08-07 11:35:21',NULL),
(17,'7e86f7','Jacobson Inc','2001-11-06','2021-08-07 11:35:21','2021-08-07 11:35:21',NULL),
(18,'dc9b67','Roberts Ltd','2011-05-26','2021-08-07 11:35:21','2021-08-07 11:35:21',NULL),
(19,'d7b24e','Rolfson, Koss and Pacocha','1993-11-24','2021-08-07 11:35:21','2021-08-07 11:35:21',NULL),
(20,'5a7d0f','Klocko, Crona and Mueller','2017-04-21','2021-08-07 11:35:21','2021-08-07 11:35:21',NULL),
(21,'48881d','Labadie LLC','2001-05-08','2021-08-07 11:35:21','2021-08-07 11:35:21',NULL),
(22,'f20b80','Kertzmann, Reynolds and Altenwerth','2000-01-27','2021-08-07 11:35:21','2021-08-07 11:35:21',NULL),
(23,'550748','Schumm-Pfeffer','1975-02-11','2021-08-07 11:35:21','2021-08-07 11:35:21',NULL),
(24,'b90a69','Hayes Group','2020-07-27','2021-08-07 11:35:21','2021-08-07 11:35:21',NULL),
(25,'2fdc41','Hauck, Stehr and Murphy','1999-01-12','2021-08-07 11:35:21','2021-08-07 11:35:21',NULL),
(26,'ece0a9','Schimmel-Murphy','2007-05-20','2021-08-07 11:35:21','2021-08-07 11:35:21',NULL),
(27,'28fc5c','McKenzie-Nikolaus','1996-05-09','2021-08-07 11:35:21','2021-08-07 11:35:21',NULL),
(28,'068815','Hoppe, Lang and Hammes','1978-08-26','2021-08-07 11:35:21','2021-08-07 11:35:21',NULL),
(29,'83bbec','Mayert, Dickens and Harber','1989-08-11','2021-08-07 11:35:21','2021-08-07 11:35:21',NULL),
(30,'190906','Schimmel Inc','1972-03-29','2021-08-07 11:35:21','2021-08-07 11:35:21',NULL),
(31,'c9ceac','Dicki, Donnelly and Treutel','1979-06-08','2021-08-07 11:35:21','2021-08-07 11:35:21',NULL),
(32,'ed20a9','Lind PLC','1972-07-10','2021-08-07 11:35:21','2021-08-07 11:35:21',NULL),
(33,'ee7733','Ankunding Group','1975-01-09','2021-08-07 11:35:21','2021-08-07 11:35:21',NULL),
(34,'5c44f1','Robel Ltd','2013-09-10','2021-08-07 11:35:21','2021-08-07 11:35:21',NULL),
(35,'5a4e08','Runolfsdottir, Steuber and Moore','1974-04-06','2021-08-07 11:35:21','2021-08-07 11:35:21',NULL),
(36,'bbf246','Ledner-Kris','1991-03-31','2021-08-07 11:35:21','2021-08-07 11:35:21',NULL),
(37,'28c030','McGlynn-Daniel','1980-03-02','2021-08-07 11:35:21','2021-08-07 11:35:21',NULL),
(38,'216918','O\'Hara-Koelpin','2006-07-30','2021-08-07 11:35:21','2021-08-07 11:35:21',NULL),
(39,'a805ae','Langosh Inc','2015-01-10','2021-08-07 11:35:21','2021-08-07 11:35:21',NULL),
(40,'72b090','Balistreri, Braun and Kuphal','1978-11-07','2021-08-07 11:35:21','2021-08-07 11:35:21',NULL),
(41,'21b42b','Quigley Group','1970-11-09','2021-08-07 11:35:21','2021-08-07 11:35:21',NULL),
(42,'e77fac','Schiller, Hermiston and Hahn','1979-05-11','2021-08-07 11:35:21','2021-08-07 11:35:21',NULL),
(43,'caee8a','Pacocha, Price and Moore','2016-12-26','2021-08-07 11:35:21','2021-08-07 11:35:21',NULL),
(44,'1b5adc','Mann, Auer and Graham','1994-09-27','2021-08-07 11:35:22','2021-08-07 11:35:22',NULL),
(45,'e4a7fc','Grant-Bode','1988-09-09','2021-08-07 11:35:22','2021-08-07 11:35:22',NULL),
(46,'3d1e97','Pagac, Carter and Terry','1977-11-13','2021-08-07 11:35:22','2021-08-07 11:35:22',NULL),
(47,'113401','Veum, Corkery and Swift','1993-08-17','2021-08-07 11:35:22','2021-08-07 11:35:22',NULL),
(48,'df2aa5','Mohr, Keeling and Hauck','1996-11-23','2021-08-07 11:35:22','2021-08-07 11:35:22',NULL),
(49,'cceb37','Turcotte, Orn and Gutmann','1971-09-27','2021-08-07 11:35:22','2021-08-07 11:35:22',NULL),
(50,'6ff2a4','White, Welch and Walter','1986-06-02','2021-08-07 11:35:22','2021-08-07 11:35:22',NULL),
(51,'2a097c','Gulgowski-Quigley','2013-02-28','2021-08-07 11:35:22','2021-08-07 11:35:22',NULL),
(52,'9d607a','Orn Group','2007-03-27','2021-08-07 11:35:22','2021-08-07 11:35:22',NULL),
(53,'705b43','Pollich LLC','2001-07-02','2021-08-07 11:35:22','2021-08-07 11:35:22',NULL),
(54,'6458f3','Kuhic, Gerhold and Grant','2004-04-24','2021-08-07 11:35:22','2021-08-07 11:35:22',NULL),
(55,'1821e8','Nader PLC','1996-07-06','2021-08-07 11:35:22','2021-08-07 11:35:22',NULL),
(56,'0f071d','Schultz-Jakubowski','2010-12-20','2021-08-07 11:35:22','2021-08-07 11:35:22',NULL),
(57,'6ce560','Graham, Blick and Hammes','2007-02-15','2021-08-07 11:35:22','2021-08-07 11:35:22',NULL),
(58,'13237f','Jacobson and Sons','1985-05-31','2021-08-07 11:35:22','2021-08-07 11:35:22',NULL),
(59,'beb273','Weber-Stamm','1974-10-02','2021-08-07 11:35:22','2021-08-07 11:35:22',NULL),
(60,'785073','Haley Group','2010-03-09','2021-08-07 11:35:22','2021-08-07 11:35:22',NULL),
(61,'d16142','Schiller Ltd','1980-10-11','2021-08-07 11:35:22','2021-08-07 11:35:22',NULL),
(62,'32cfe6','Quigley Ltd','2003-10-04','2021-08-07 11:35:22','2021-08-07 11:35:22',NULL),
(63,'8056ac','Rutherford and Sons','1985-03-18','2021-08-07 11:35:22','2021-08-07 11:35:22',NULL),
(64,'1642cd','Reichel, DuBuque and Paucek','1970-01-05','2021-08-07 11:35:23','2021-08-07 11:35:23',NULL),
(65,'403aee','Runolfsdottir, Schmeler and Kuhlman','1980-12-19','2021-08-07 11:35:23','2021-08-07 11:35:23',NULL),
(66,'8807ea','Cormier, McDermott and Anderson','1980-03-19','2021-08-07 11:35:23','2021-08-07 11:35:23',NULL),
(67,'7cd98b','Considine, Mueller and Lebsack','1983-10-02','2021-08-07 11:35:23','2021-08-07 11:35:23',NULL),
(68,'8ee89c','Stracke, Parker and Bruen','1997-06-10','2021-08-07 11:35:23','2021-08-07 11:35:23',NULL),
(69,'e97ee6','Roob LLC','1979-03-20','2021-08-07 11:35:23','2021-08-07 11:35:23',NULL),
(70,'1347b1','Pagac Group','2004-12-19','2021-08-07 11:35:23','2021-08-07 11:35:23',NULL),
(71,'aad1b6','Hoeger-Sipes','1976-02-19','2021-08-07 11:35:23','2021-08-07 11:35:23',NULL),
(72,'7db183','Weber, Heller and Walter','1974-10-06','2021-08-07 11:35:23','2021-08-07 11:35:23',NULL),
(73,'88676f','Blick PLC','2012-06-21','2021-08-07 11:35:23','2021-08-07 11:35:23',NULL),
(74,'9d572f','Kiehn and Sons','2017-12-03','2021-08-07 11:35:23','2021-08-07 11:35:23',NULL),
(75,'bc21d9','Lehner-Lind','1979-03-06','2021-08-07 11:35:23','2021-08-07 11:35:23',NULL),
(76,'57c987','Hintz, Schamberger and Stehr','1987-07-14','2021-08-07 11:35:24','2021-08-07 11:35:24',NULL),
(77,'26c918','Streich-Hettinger','2012-01-31','2021-08-07 11:35:24','2021-08-07 11:35:24',NULL),
(78,'83e1a2','Dicki, Jenkins and Bartell','2006-01-11','2021-08-07 11:35:24','2021-08-07 11:35:24',NULL),
(79,'c69256','McGlynn Inc','1984-03-04','2021-08-07 11:35:24','2021-08-07 11:35:24',NULL),
(80,'8a8bb7','Rowe-Turcotte','1982-08-06','2021-08-07 11:35:24','2021-08-07 11:35:24',NULL),
(81,'e174b0','Wolf, Murray and Larkin','1970-06-02','2021-08-07 11:35:24','2021-08-07 11:35:24',NULL),
(82,'a74c35','Koch-Roob','2000-12-02','2021-08-07 11:35:24','2021-08-07 11:35:24',NULL),
(83,'e7e5c2','Kemmer LLC','1975-10-14','2021-08-07 11:35:25','2021-08-07 11:35:25',NULL),
(84,'07ae15','Dare-Glover','1989-07-24','2021-08-07 11:35:25','2021-08-07 11:35:25',NULL),
(85,'890402','Schiller Group','2018-04-16','2021-08-07 11:35:25','2021-08-07 11:35:25',NULL),
(86,'6aaef7','Crist LLC','1995-07-21','2021-08-07 11:35:25','2021-08-07 11:35:25',NULL);

/*Table structure for table `company_users` */

DROP TABLE IF EXISTS `company_users`;

CREATE TABLE `company_users` (
  `id` int(11) unsigned NOT NULL AUTO_INCREMENT,
  `user_id` int(11) unsigned NOT NULL,
  `comp_id` int(11) unsigned NOT NULL,
  `deleted_at` datetime DEFAULT NULL,
  `created_at` datetime DEFAULT NULL,
  `updated_at` datetime DEFAULT NULL,
  PRIMARY KEY (`id`)
) ENGINE=MyISAM AUTO_INCREMENT=185 DEFAULT CHARSET=latin1;

/*Data for the table `company_users` */

insert  into `company_users`(`id`,`user_id`,`comp_id`,`deleted_at`,`created_at`,`updated_at`) values 
(1,1,1,NULL,'2021-08-07 11:32:44','2021-08-07 11:32:44'),
(2,2,2,NULL,'2021-08-07 11:32:44','2021-08-07 11:32:44'),
(3,2,3,NULL,'2021-08-07 11:32:44','2021-08-07 11:32:44'),
(4,3,4,NULL,'2021-08-07 11:35:20','2021-08-07 11:35:20'),
(5,5,5,NULL,'2021-08-07 11:35:20','2021-08-07 11:35:20'),
(6,6,6,NULL,'2021-08-07 11:35:21','2021-08-07 11:35:21'),
(7,6,7,NULL,'2021-08-07 11:35:21','2021-08-07 11:35:21'),
(8,6,8,NULL,'2021-08-07 11:35:21','2021-08-07 11:35:21'),
(9,7,9,NULL,'2021-08-07 11:35:21','2021-08-07 11:35:21'),
(10,8,10,NULL,'2021-08-07 11:35:21','2021-08-07 11:35:21'),
(11,8,11,NULL,'2021-08-07 11:35:21','2021-08-07 11:35:21'),
(12,8,12,NULL,'2021-08-07 11:35:21','2021-08-07 11:35:21'),
(13,8,13,NULL,'2021-08-07 11:35:21','2021-08-07 11:35:21'),
(14,9,14,NULL,'2021-08-07 11:35:21','2021-08-07 11:35:21'),
(15,9,15,NULL,'2021-08-07 11:35:21','2021-08-07 11:35:21'),
(16,11,16,NULL,'2021-08-07 11:35:21','2021-08-07 11:35:21'),
(17,11,17,NULL,'2021-08-07 11:35:21','2021-08-07 11:35:21'),
(18,11,6,NULL,'2021-08-07 11:35:21','2021-08-07 11:35:21'),
(19,12,18,NULL,'2021-08-07 11:35:21','2021-08-07 11:35:21'),
(20,13,19,NULL,'2021-08-07 11:35:21','2021-08-07 11:35:21'),
(21,14,5,NULL,'2021-08-07 11:35:21','2021-08-07 11:35:21'),
(22,16,20,NULL,'2021-08-07 11:35:21','2021-08-07 11:35:21'),
(23,16,21,NULL,'2021-08-07 11:35:21','2021-08-07 11:35:21'),
(24,16,22,NULL,'2021-08-07 11:35:21','2021-08-07 11:35:21'),
(25,17,23,NULL,'2021-08-07 11:35:21','2021-08-07 11:35:21'),
(26,18,24,NULL,'2021-08-07 11:35:21','2021-08-07 11:35:21'),
(27,18,22,NULL,'2021-08-07 11:35:21','2021-08-07 11:35:21'),
(28,19,25,NULL,'2021-08-07 11:35:21','2021-08-07 11:35:21'),
(29,19,26,NULL,'2021-08-07 11:35:21','2021-08-07 11:35:21'),
(30,19,27,NULL,'2021-08-07 11:35:21','2021-08-07 11:35:21'),
(31,20,28,NULL,'2021-08-07 11:35:21','2021-08-07 11:35:21'),
(32,21,29,NULL,'2021-08-07 11:35:21','2021-08-07 11:35:21'),
(33,21,30,NULL,'2021-08-07 11:35:21','2021-08-07 11:35:21'),
(34,21,5,NULL,'2021-08-07 11:35:21','2021-08-07 11:35:21'),
(35,21,31,NULL,'2021-08-07 11:35:21','2021-08-07 11:35:21'),
(36,21,11,NULL,'2021-08-07 11:35:21','2021-08-07 11:35:21'),
(37,22,6,NULL,'2021-08-07 11:35:21','2021-08-07 11:35:21'),
(38,22,32,NULL,'2021-08-07 11:35:21','2021-08-07 11:35:21'),
(39,24,33,NULL,'2021-08-07 11:35:21','2021-08-07 11:35:21'),
(40,24,34,NULL,'2021-08-07 11:35:21','2021-08-07 11:35:21'),
(41,25,8,NULL,'2021-08-07 11:35:21','2021-08-07 11:35:21'),
(42,25,35,NULL,'2021-08-07 11:35:21','2021-08-07 11:35:21'),
(43,25,26,NULL,'2021-08-07 11:35:21','2021-08-07 11:35:21'),
(44,26,36,NULL,'2021-08-07 11:35:21','2021-08-07 11:35:21'),
(45,26,26,NULL,'2021-08-07 11:35:21','2021-08-07 11:35:21'),
(46,27,37,NULL,'2021-08-07 11:35:21','2021-08-07 11:35:21'),
(47,27,38,NULL,'2021-08-07 11:35:21','2021-08-07 11:35:21'),
(48,27,39,NULL,'2021-08-07 11:35:21','2021-08-07 11:35:21'),
(49,28,3,NULL,'2021-08-07 11:35:21','2021-08-07 11:35:21'),
(50,28,40,NULL,'2021-08-07 11:35:21','2021-08-07 11:35:21'),
(51,29,41,NULL,'2021-08-07 11:35:21','2021-08-07 11:35:21'),
(52,29,42,NULL,'2021-08-07 11:35:21','2021-08-07 11:35:21'),
(53,30,43,NULL,'2021-08-07 11:35:22','2021-08-07 11:35:22'),
(54,30,44,NULL,'2021-08-07 11:35:22','2021-08-07 11:35:22'),
(55,30,45,NULL,'2021-08-07 11:35:22','2021-08-07 11:35:22'),
(56,31,30,NULL,'2021-08-07 11:35:22','2021-08-07 11:35:22'),
(57,32,33,NULL,'2021-08-07 11:35:22','2021-08-07 11:35:22'),
(58,32,46,NULL,'2021-08-07 11:35:22','2021-08-07 11:35:22'),
(59,32,47,NULL,'2021-08-07 11:35:22','2021-08-07 11:35:22'),
(60,33,48,NULL,'2021-08-07 11:35:22','2021-08-07 11:35:22'),
(61,34,49,NULL,'2021-08-07 11:35:22','2021-08-07 11:35:22'),
(62,34,12,NULL,'2021-08-07 11:35:22','2021-08-07 11:35:22'),
(63,34,9,NULL,'2021-08-07 11:35:22','2021-08-07 11:35:22'),
(64,34,50,NULL,'2021-08-07 11:35:22','2021-08-07 11:35:22'),
(65,35,41,NULL,'2021-08-07 11:35:22','2021-08-07 11:35:22'),
(66,35,19,NULL,'2021-08-07 11:35:22','2021-08-07 11:35:22'),
(67,36,5,NULL,'2021-08-07 11:35:22','2021-08-07 11:35:22'),
(68,36,51,NULL,'2021-08-07 11:35:22','2021-08-07 11:35:22'),
(69,36,52,NULL,'2021-08-07 11:35:22','2021-08-07 11:35:22'),
(70,36,53,NULL,'2021-08-07 11:35:22','2021-08-07 11:35:22'),
(71,37,37,NULL,'2021-08-07 11:35:22','2021-08-07 11:35:22'),
(72,39,54,NULL,'2021-08-07 11:35:22','2021-08-07 11:35:22'),
(73,39,55,NULL,'2021-08-07 11:35:22','2021-08-07 11:35:22'),
(74,40,19,NULL,'2021-08-07 11:35:22','2021-08-07 11:35:22'),
(75,40,56,NULL,'2021-08-07 11:35:22','2021-08-07 11:35:22'),
(76,42,57,NULL,'2021-08-07 11:35:22','2021-08-07 11:35:22'),
(77,43,11,NULL,'2021-08-07 11:35:22','2021-08-07 11:35:22'),
(78,44,5,NULL,'2021-08-07 11:35:22','2021-08-07 11:35:22'),
(79,45,58,NULL,'2021-08-07 11:35:22','2021-08-07 11:35:22'),
(80,45,59,NULL,'2021-08-07 11:35:22','2021-08-07 11:35:22'),
(81,46,60,NULL,'2021-08-07 11:35:22','2021-08-07 11:35:22'),
(82,46,61,NULL,'2021-08-07 11:35:22','2021-08-07 11:35:22'),
(83,46,38,NULL,'2021-08-07 11:35:22','2021-08-07 11:35:22'),
(84,47,62,NULL,'2021-08-07 11:35:22','2021-08-07 11:35:22'),
(85,47,36,NULL,'2021-08-07 11:35:22','2021-08-07 11:35:22'),
(86,47,4,NULL,'2021-08-07 11:35:22','2021-08-07 11:35:22'),
(87,48,26,NULL,'2021-08-07 11:35:22','2021-08-07 11:35:22'),
(88,48,36,NULL,'2021-08-07 11:35:22','2021-08-07 11:35:22'),
(89,48,63,NULL,'2021-08-07 11:35:22','2021-08-07 11:35:22'),
(90,49,44,NULL,'2021-08-07 11:35:23','2021-08-07 11:35:23'),
(91,50,33,NULL,'2021-08-07 11:35:23','2021-08-07 11:35:23'),
(92,51,12,NULL,'2021-08-07 11:35:23','2021-08-07 11:35:23'),
(93,51,64,NULL,'2021-08-07 11:35:23','2021-08-07 11:35:23'),
(94,51,46,NULL,'2021-08-07 11:35:23','2021-08-07 11:35:23'),
(95,52,28,NULL,'2021-08-07 11:35:23','2021-08-07 11:35:23'),
(96,53,38,NULL,'2021-08-07 11:35:23','2021-08-07 11:35:23'),
(97,53,30,NULL,'2021-08-07 11:35:23','2021-08-07 11:35:23'),
(98,54,65,NULL,'2021-08-07 11:35:23','2021-08-07 11:35:23'),
(99,54,61,NULL,'2021-08-07 11:35:23','2021-08-07 11:35:23'),
(100,55,66,NULL,'2021-08-07 11:35:23','2021-08-07 11:35:23'),
(101,55,41,NULL,'2021-08-07 11:35:23','2021-08-07 11:35:23'),
(102,55,56,NULL,'2021-08-07 11:35:23','2021-08-07 11:35:23'),
(103,55,67,NULL,'2021-08-07 11:35:23','2021-08-07 11:35:23'),
(104,56,15,NULL,'2021-08-07 11:35:23','2021-08-07 11:35:23'),
(105,56,68,NULL,'2021-08-07 11:35:23','2021-08-07 11:35:23'),
(106,57,10,NULL,'2021-08-07 11:35:23','2021-08-07 11:35:23'),
(107,58,69,NULL,'2021-08-07 11:35:23','2021-08-07 11:35:23'),
(108,59,59,NULL,'2021-08-07 11:35:23','2021-08-07 11:35:23'),
(109,59,70,NULL,'2021-08-07 11:35:23','2021-08-07 11:35:23'),
(110,60,57,NULL,'2021-08-07 11:35:23','2021-08-07 11:35:23'),
(111,60,71,NULL,'2021-08-07 11:35:23','2021-08-07 11:35:23'),
(112,60,61,NULL,'2021-08-07 11:35:23','2021-08-07 11:35:23'),
(113,63,72,NULL,'2021-08-07 11:35:23','2021-08-07 11:35:23'),
(114,63,73,NULL,'2021-08-07 11:35:23','2021-08-07 11:35:23'),
(115,63,63,NULL,'2021-08-07 11:35:23','2021-08-07 11:35:23'),
(116,64,55,NULL,'2021-08-07 11:35:23','2021-08-07 11:35:23'),
(117,64,74,NULL,'2021-08-07 11:35:23','2021-08-07 11:35:23'),
(118,65,44,NULL,'2021-08-07 11:35:23','2021-08-07 11:35:23'),
(119,66,57,NULL,'2021-08-07 11:35:23','2021-08-07 11:35:23'),
(120,66,75,NULL,'2021-08-07 11:35:23','2021-08-07 11:35:23'),
(121,66,28,NULL,'2021-08-07 11:35:23','2021-08-07 11:35:23'),
(122,67,45,NULL,'2021-08-07 11:35:23','2021-08-07 11:35:23'),
(123,67,38,NULL,'2021-08-07 11:35:23','2021-08-07 11:35:23'),
(124,67,7,NULL,'2021-08-07 11:35:24','2021-08-07 11:35:24'),
(125,68,10,NULL,'2021-08-07 11:35:24','2021-08-07 11:35:24'),
(126,68,39,NULL,'2021-08-07 11:35:24','2021-08-07 11:35:24'),
(127,69,76,NULL,'2021-08-07 11:35:24','2021-08-07 11:35:24'),
(128,69,35,NULL,'2021-08-07 11:35:24','2021-08-07 11:35:24'),
(129,69,47,NULL,'2021-08-07 11:35:24','2021-08-07 11:35:24'),
(130,69,32,NULL,'2021-08-07 11:35:24','2021-08-07 11:35:24'),
(131,70,46,NULL,'2021-08-07 11:35:24','2021-08-07 11:35:24'),
(132,71,77,NULL,'2021-08-07 11:35:24','2021-08-07 11:35:24'),
(133,71,75,NULL,'2021-08-07 11:35:24','2021-08-07 11:35:24'),
(134,71,23,NULL,'2021-08-07 11:35:24','2021-08-07 11:35:24'),
(135,71,21,NULL,'2021-08-07 11:35:24','2021-08-07 11:35:24'),
(136,73,78,NULL,'2021-08-07 11:35:24','2021-08-07 11:35:24'),
(137,73,36,NULL,'2021-08-07 11:35:24','2021-08-07 11:35:24'),
(138,74,73,NULL,'2021-08-07 11:35:24','2021-08-07 11:35:24'),
(139,76,79,NULL,'2021-08-07 11:35:24','2021-08-07 11:35:24'),
(140,76,80,NULL,'2021-08-07 11:35:24','2021-08-07 11:35:24'),
(141,76,45,NULL,'2021-08-07 11:35:24','2021-08-07 11:35:24'),
(142,77,15,NULL,'2021-08-07 11:35:24','2021-08-07 11:35:24'),
(143,77,56,NULL,'2021-08-07 11:35:24','2021-08-07 11:35:24'),
(144,78,67,NULL,'2021-08-07 11:35:24','2021-08-07 11:35:24'),
(145,79,4,NULL,'2021-08-07 11:35:24','2021-08-07 11:35:24'),
(146,79,6,NULL,'2021-08-07 11:35:24','2021-08-07 11:35:24'),
(147,79,81,NULL,'2021-08-07 11:35:24','2021-08-07 11:35:24'),
(148,80,60,NULL,'2021-08-07 11:35:24','2021-08-07 11:35:24'),
(149,80,80,NULL,'2021-08-07 11:35:24','2021-08-07 11:35:24'),
(150,81,10,NULL,'2021-08-07 11:35:24','2021-08-07 11:35:24'),
(151,81,12,NULL,'2021-08-07 11:35:24','2021-08-07 11:35:24'),
(152,82,7,NULL,'2021-08-07 11:35:24','2021-08-07 11:35:24'),
(153,84,82,NULL,'2021-08-07 11:35:24','2021-08-07 11:35:24'),
(154,85,73,NULL,'2021-08-07 11:35:24','2021-08-07 11:35:24'),
(155,85,81,NULL,'2021-08-07 11:35:24','2021-08-07 11:35:24'),
(156,86,38,NULL,'2021-08-07 11:35:24','2021-08-07 11:35:24'),
(157,86,28,NULL,'2021-08-07 11:35:24','2021-08-07 11:35:24'),
(158,87,5,NULL,'2021-08-07 11:35:25','2021-08-07 11:35:25'),
(159,88,31,NULL,'2021-08-07 11:35:25','2021-08-07 11:35:25'),
(160,90,48,NULL,'2021-08-07 11:35:25','2021-08-07 11:35:25'),
(161,91,55,NULL,'2021-08-07 11:35:25','2021-08-07 11:35:25'),
(162,91,63,NULL,'2021-08-07 11:35:25','2021-08-07 11:35:25'),
(163,91,83,NULL,'2021-08-07 11:35:25','2021-08-07 11:35:25'),
(164,92,41,NULL,'2021-08-07 11:35:25','2021-08-07 11:35:25'),
(165,92,38,NULL,'2021-08-07 11:35:25','2021-08-07 11:35:25'),
(166,92,84,NULL,'2021-08-07 11:35:25','2021-08-07 11:35:25'),
(167,93,73,NULL,'2021-08-07 11:35:25','2021-08-07 11:35:25'),
(168,93,56,NULL,'2021-08-07 11:35:25','2021-08-07 11:35:25'),
(169,94,50,NULL,'2021-08-07 11:35:25','2021-08-07 11:35:25'),
(170,95,81,NULL,'2021-08-07 11:35:25','2021-08-07 11:35:25'),
(171,96,85,NULL,'2021-08-07 11:35:25','2021-08-07 11:35:25'),
(172,96,72,NULL,'2021-08-07 11:35:25','2021-08-07 11:35:25'),
(173,96,71,NULL,'2021-08-07 11:35:25','2021-08-07 11:35:25'),
(174,96,20,NULL,'2021-08-07 11:35:25','2021-08-07 11:35:25'),
(175,97,30,NULL,'2021-08-07 11:35:25','2021-08-07 11:35:25'),
(176,97,47,NULL,'2021-08-07 11:35:25','2021-08-07 11:35:25'),
(177,97,43,NULL,'2021-08-07 11:35:25','2021-08-07 11:35:25'),
(178,98,36,NULL,'2021-08-07 11:35:25','2021-08-07 11:35:25'),
(179,98,68,NULL,'2021-08-07 11:35:25','2021-08-07 11:35:25'),
(180,99,9,NULL,'2021-08-07 11:35:25','2021-08-07 11:35:25'),
(181,99,69,NULL,'2021-08-07 11:35:25','2021-08-07 11:35:25'),
(182,99,72,NULL,'2021-08-07 11:35:25','2021-08-07 11:35:25'),
(183,99,27,NULL,'2021-08-07 11:35:25','2021-08-07 11:35:25'),
(184,100,86,NULL,'2021-08-07 11:35:25','2021-08-07 11:35:25');

/*Table structure for table `users` */

DROP TABLE IF EXISTS `users`;

CREATE TABLE `users` (
  `id` int(11) unsigned NOT NULL AUTO_INCREMENT,
  `user_code` varchar(11) NOT NULL,
  `name` varchar(200) DEFAULT NULL,
  `age` int(4) DEFAULT NULL,
  `created_at` datetime DEFAULT NULL,
  `updated_at` datetime DEFAULT NULL,
  `deleted_at` datetime DEFAULT NULL,
  PRIMARY KEY (`id`)
) ENGINE=MyISAM AUTO_INCREMENT=101 DEFAULT CHARSET=latin1;

/*Data for the table `users` */

insert  into `users`(`id`,`user_code`,`name`,`age`,`created_at`,`updated_at`,`deleted_at`) values 
(1,'cfcd20','Miss Johanna Toy I',46,'2021-08-07 11:32:44','2021-08-07 11:32:44',NULL),
(2,'c4ca42','Destany Cronin',45,'2021-08-07 11:32:44','2021-08-07 11:32:44',NULL),
(3,'c81e72','Mr. Felton Schimmel III',37,'2021-08-07 11:35:20','2021-08-07 11:35:20',NULL),
(4,'eccbc8','Ada Herzog',73,'2021-08-07 11:35:20','2021-08-07 11:35:20',NULL),
(5,'a87ff6','Allan Ortiz Jr.',65,'2021-08-07 11:35:20','2021-08-07 11:35:20',NULL),
(6,'e4da3b','Adrianna Boehm',21,'2021-08-07 11:35:20','2021-08-07 11:35:20',NULL),
(7,'167909','Alec Harris',74,'2021-08-07 11:35:21','2021-08-07 11:35:21',NULL),
(8,'8f14e4','Edmond Strosin',53,'2021-08-07 11:35:21','2021-08-07 11:35:21',NULL),
(9,'c9f0f8','Dr. Jason Graham',47,'2021-08-07 11:35:21','2021-08-07 11:35:21',NULL),
(10,'45c48c','Eloise Hickle V',43,'2021-08-07 11:35:21','2021-08-07 11:35:21',NULL),
(11,'d3d944','Bailey Mohr',39,'2021-08-07 11:35:21','2021-08-07 11:35:21',NULL),
(12,'6512bd','Anita Wehner V',48,'2021-08-07 11:35:21','2021-08-07 11:35:21',NULL),
(13,'c20ad4','Rebeka Grant',51,'2021-08-07 11:35:21','2021-08-07 11:35:21',NULL),
(14,'c51ce4','Janis Labadie',64,'2021-08-07 11:35:21','2021-08-07 11:35:21',NULL),
(15,'aab323','Dedrick Halvorson',54,'2021-08-07 11:35:21','2021-08-07 11:35:21',NULL),
(16,'9bf31c','Prof. Grant Sporer',60,'2021-08-07 11:35:21','2021-08-07 11:35:21',NULL),
(17,'c74d97','Noble Shields',38,'2021-08-07 11:35:21','2021-08-07 11:35:21',NULL),
(18,'70efdf','Prof. Brooke McLaughlin',29,'2021-08-07 11:35:21','2021-08-07 11:35:21',NULL),
(19,'6f4922','Mr. Shaun Walter',57,'2021-08-07 11:35:21','2021-08-07 11:35:21',NULL),
(20,'1f0e3d','Abby Eichmann IV',75,'2021-08-07 11:35:21','2021-08-07 11:35:21',NULL),
(21,'98f137','Leda Yundt',28,'2021-08-07 11:35:21','2021-08-07 11:35:21',NULL),
(22,'3c59dc','Roscoe Russel',61,'2021-08-07 11:35:21','2021-08-07 11:35:21',NULL),
(23,'b6d767','Shanny Harvey',73,'2021-08-07 11:35:21','2021-08-07 11:35:21',NULL),
(24,'37693c','Sanford Kirlin',63,'2021-08-07 11:35:21','2021-08-07 11:35:21',NULL),
(25,'1ff1de','Prof. Perry Carroll',77,'2021-08-07 11:35:21','2021-08-07 11:35:21',NULL),
(26,'8e296a','Dennis Hintz',49,'2021-08-07 11:35:21','2021-08-07 11:35:21',NULL),
(27,'4e732c','Ima Powlowski',61,'2021-08-07 11:35:21','2021-08-07 11:35:21',NULL),
(28,'02e74f','Ms. Danika Jakubowski',49,'2021-08-07 11:35:21','2021-08-07 11:35:21',NULL),
(29,'33e75f','Dr. Arielle Hamill I',25,'2021-08-07 11:35:21','2021-08-07 11:35:21',NULL),
(30,'6ea9ab','Sid Harber',62,'2021-08-07 11:35:21','2021-08-07 11:35:21',NULL),
(31,'34173c','Marjolaine Mayert',48,'2021-08-07 11:35:22','2021-08-07 11:35:22',NULL),
(32,'c16a53','Camren Rosenbaum',29,'2021-08-07 11:35:22','2021-08-07 11:35:22',NULL),
(33,'6364d3','Katherine Flatley',50,'2021-08-07 11:35:22','2021-08-07 11:35:22',NULL),
(34,'182be0','Cordelia Walker',61,'2021-08-07 11:35:22','2021-08-07 11:35:22',NULL),
(35,'e36985','Rhett Wehner',47,'2021-08-07 11:35:22','2021-08-07 11:35:22',NULL),
(36,'1c383c','Emma Jaskolski',54,'2021-08-07 11:35:22','2021-08-07 11:35:22',NULL),
(37,'19ca14','Dr. Kimberly Hamill PhD',34,'2021-08-07 11:35:22','2021-08-07 11:35:22',NULL),
(38,'a5bfc9','Shanel Wiza V',27,'2021-08-07 11:35:22','2021-08-07 11:35:22',NULL),
(39,'a5771b','Rosalee D\'Amore',41,'2021-08-07 11:35:22','2021-08-07 11:35:22',NULL),
(40,'d67d8a','Rosa Rath DVM',34,'2021-08-07 11:35:22','2021-08-07 11:35:22',NULL),
(41,'d64592','Monica Crona',31,'2021-08-07 11:35:22','2021-08-07 11:35:22',NULL),
(42,'3416a7','Ceasar Wiza',60,'2021-08-07 11:35:22','2021-08-07 11:35:22',NULL),
(43,'a1d0c6','Mrs. Lyda Kozey',68,'2021-08-07 11:35:22','2021-08-07 11:35:22',NULL),
(44,'17e621','Dr. Lorenza Funk DDS',57,'2021-08-07 11:35:22','2021-08-07 11:35:22',NULL),
(45,'f71771','Stanford Connelly',26,'2021-08-07 11:35:22','2021-08-07 11:35:22',NULL),
(46,'6c8349','Kiley Purdy',46,'2021-08-07 11:35:22','2021-08-07 11:35:22',NULL),
(47,'d9d4f4','Mrs. Lola Renner MD',32,'2021-08-07 11:35:22','2021-08-07 11:35:22',NULL),
(48,'67c6a1','Kacey Oberbrunner',75,'2021-08-07 11:35:22','2021-08-07 11:35:22',NULL),
(49,'642e92','Dina Walter',70,'2021-08-07 11:35:23','2021-08-07 11:35:23',NULL),
(50,'f457c5','Dr. Bethany Watsica',37,'2021-08-07 11:35:23','2021-08-07 11:35:23',NULL),
(51,'c0c7c7','Dr. Gino Wiegand III',55,'2021-08-07 11:35:23','2021-08-07 11:35:23',NULL),
(52,'283802','Callie Mosciski',31,'2021-08-07 11:35:23','2021-08-07 11:35:23',NULL),
(53,'9a1158','Percival Fay',71,'2021-08-07 11:35:23','2021-08-07 11:35:23',NULL),
(54,'d82c8d','Mr. Ole Schulist DDS',46,'2021-08-07 11:35:23','2021-08-07 11:35:23',NULL),
(55,'a684ec','Twila Hayes',56,'2021-08-07 11:35:23','2021-08-07 11:35:23',NULL),
(56,'b53b3a','Afton Rath',46,'2021-08-07 11:35:23','2021-08-07 11:35:23',NULL),
(57,'9f6140','Ms. Brigitte Mitchell IV',78,'2021-08-07 11:35:23','2021-08-07 11:35:23',NULL),
(58,'72b32a','Dr. Cruz Huel',78,'2021-08-07 11:35:23','2021-08-07 11:35:23',NULL),
(59,'66f041','Gudrun VonRueden',29,'2021-08-07 11:35:23','2021-08-07 11:35:23',NULL),
(60,'093f65','Aubrey Gleichner MD',61,'2021-08-07 11:35:23','2021-08-07 11:35:23',NULL),
(61,'072b03','Otis Mayert II',48,'2021-08-07 11:35:23','2021-08-07 11:35:23',NULL),
(62,'7f39f8','Evelyn Mohr',22,'2021-08-07 11:35:23','2021-08-07 11:35:23',NULL),
(63,'44f683','Sven Rempel',80,'2021-08-07 11:35:23','2021-08-07 11:35:23',NULL),
(64,'03afdb','Miss Kali Sawayn IV',42,'2021-08-07 11:35:23','2021-08-07 11:35:23',NULL),
(65,'ea5d2f','Giovanni Berge PhD',68,'2021-08-07 11:35:23','2021-08-07 11:35:23',NULL),
(66,'fc490c','Tremayne Kuphal',28,'2021-08-07 11:35:23','2021-08-07 11:35:23',NULL),
(67,'3295c7','Marie Leuschke DDS',77,'2021-08-07 11:35:23','2021-08-07 11:35:23',NULL),
(68,'735b90','Damaris Blick',65,'2021-08-07 11:35:24','2021-08-07 11:35:24',NULL),
(69,'a3f390','Maye Roberts',26,'2021-08-07 11:35:24','2021-08-07 11:35:24',NULL),
(70,'14bfa6','Prof. Ruby Zulauf Jr.',50,'2021-08-07 11:35:24','2021-08-07 11:35:24',NULL),
(71,'7cbbc4','Kathlyn Wolf',71,'2021-08-07 11:35:24','2021-08-07 11:35:24',NULL),
(72,'e2c420','Prof. Frida Cremin DDS',21,'2021-08-07 11:35:24','2021-08-07 11:35:24',NULL),
(73,'32bb90','Macey Kuvalis',71,'2021-08-07 11:35:24','2021-08-07 11:35:24',NULL),
(74,'d2ddea','Wade Ruecker I',33,'2021-08-07 11:35:24','2021-08-07 11:35:24',NULL),
(75,'ad61ab','Miles Stark DDS',61,'2021-08-07 11:35:24','2021-08-07 11:35:24',NULL),
(76,'d09bf4','Mr. Cullen Hamill',22,'2021-08-07 11:35:24','2021-08-07 11:35:24',NULL),
(77,'fbd793','Miss Samantha Smith II',71,'2021-08-07 11:35:24','2021-08-07 11:35:24',NULL),
(78,'28dd2c','Jalyn Johns',30,'2021-08-07 11:35:24','2021-08-07 11:35:24',NULL),
(79,'35f4a8','Jeffery Dooley',75,'2021-08-07 11:35:24','2021-08-07 11:35:24',NULL),
(80,'d1fe17','Harley Lueilwitz V',78,'2021-08-07 11:35:24','2021-08-07 11:35:24',NULL),
(81,'f033ab','Mrs. Fiona Kuphal III',46,'2021-08-07 11:35:24','2021-08-07 11:35:24',NULL),
(82,'43ec51','Karianne Ryan',64,'2021-08-07 11:35:24','2021-08-07 11:35:24',NULL),
(83,'9778d5','Annetta Veum I',78,'2021-08-07 11:35:24','2021-08-07 11:35:24',NULL),
(84,'fe9fc2','Prof. Bryon Carroll III',41,'2021-08-07 11:35:24','2021-08-07 11:35:24',NULL),
(85,'68d30a','Novella Shields',79,'2021-08-07 11:35:24','2021-08-07 11:35:24',NULL),
(86,'3ef815','Dr. Stuart Larkin',62,'2021-08-07 11:35:24','2021-08-07 11:35:24',NULL),
(87,'93db85','Regan Hagenes IV',73,'2021-08-07 11:35:24','2021-08-07 11:35:24',NULL),
(88,'c7e124','Lafayette Koch',50,'2021-08-07 11:35:25','2021-08-07 11:35:25',NULL),
(89,'2a38a4','Mrs. Isobel Schoen IV',63,'2021-08-07 11:35:25','2021-08-07 11:35:25',NULL),
(90,'764796','Delbert Kessler DVM',35,'2021-08-07 11:35:25','2021-08-07 11:35:25',NULL),
(91,'861398','Wendy Dietrich',70,'2021-08-07 11:35:25','2021-08-07 11:35:25',NULL),
(92,'54229a','Gabriella Block',80,'2021-08-07 11:35:25','2021-08-07 11:35:25',NULL),
(93,'92cc22','Blanche Kuphal',39,'2021-08-07 11:35:25','2021-08-07 11:35:25',NULL),
(94,'98dce8','Hector Abernathy',61,'2021-08-07 11:35:25','2021-08-07 11:35:25',NULL),
(95,'f4b9ec','Dr. Malinda Barton Sr.',41,'2021-08-07 11:35:25','2021-08-07 11:35:25',NULL),
(96,'812b4b','Mr. Norris Spinka Jr.',62,'2021-08-07 11:35:25','2021-08-07 11:35:25',NULL),
(97,'26657d','Krista Kozey MD',49,'2021-08-07 11:35:25','2021-08-07 11:35:25',NULL),
(98,'e2ef52','Glen Tillman',76,'2021-08-07 11:35:25','2021-08-07 11:35:25',NULL),
(99,'ed3d2c','Dr. Anastasia Bechtelar V',33,'2021-08-07 11:35:25','2021-08-07 11:35:25',NULL),
(100,'ac627a','Mikel Lesch',54,'2021-08-07 11:35:25','2021-08-07 11:35:25',NULL);

/*!40101 SET SQL_MODE=@OLD_SQL_MODE */;
/*!40014 SET FOREIGN_KEY_CHECKS=@OLD_FOREIGN_KEY_CHECKS */;
/*!40014 SET UNIQUE_CHECKS=@OLD_UNIQUE_CHECKS */;
/*!40111 SET SQL_NOTES=@OLD_SQL_NOTES */;
